"id","kod","isim","hacim","cinsi","ucret"
1,8693855001609,"FRESA FRESHER MADEN SUYU 250ML.MANDALIN","0.25","GLASS","0.9856441259487454"
2,8693855001548,"FRESA FRESHER MADEN SUYU 250ML.NAR","0.25","GLASS","0.7670632739789838"
3,8693593215320,"HAYAT SU 6X0.5LT SPOR KAPAKLI","6x0,5","PLASTIC","0.9327393289790133"
4,8692813003914,"KIZILAY SODA 200ML.MANDALINA","0.2","GLASS","0.3149165835051356"
5,8692813002023,"KIZILAY SODA 200ML.NAR","0.2","GLASS","0.7298793088979428"
6,8692813003792,"KIZILAY SODA 200ML.VıSNE","0.2","GLASS","0.9677402673001365"
7,8690575940614,"TAMEK MEYVE SUYU 330ML.KAHVALTIM KAN PO","0.33","METAL","0.004485168903486603"
8,8697406610043,"1,5lt BAYKAL SU","1.5","PLASTIC","0.2859773958555928"
9,8697423280014,"1,5LT ÇENE SUYU","1.5","PLASTIC","0.9299766887685696"
10,8691020000150,"1,5LT KRISTAL SU","1.5","PLASTIC","0.11488854617545696"
11,8699756977005,"1,5LTŞEREFIYE SU","1.5","PLASTIC","0.8716181873774332"
12,8690690020154,"1lt AROMA VİŞ,GLASS,","1","GLASS","0.9050673125297849"
13,8690792014204,"1LT MEYSU VİŞ,ŞİŞE","1","GLASS","0.8184003564618856"
14,8690690040152,"1ltAROMA ŞEFTALI GLASS","1","GLASS","0.917805248387372"
15,8695728000191,"1LTPINAR SU","1","PLASTIC","0.659486450614181"
16,8690574830213,"2LT FRUKO GAZOZ","2","PLASTIC","0.3266983231176891"
17,8699015750110,"ABANT SU 0,5LT","0.5","PLASTIC","0.48764853785912665"
18,7312040017034,"ABSOLUT VOTKA 100 CL","1","GLASS","0.9580632983945354"
19,7312040017683,"ABSOLUT VOTKA 70 CL","0.7","GLASS","0.06122149764999185"
20,8693593320017,"AKMINA EXTRA MADEN SUYU","6x0,2","GLASS","0.5068759224671956"
21,8693593118102,"AKMINA MEYVELI","0.2","GLASS","0.9565080348481088"
22,8693593118379,"AKMINA SODA KIR.MEYVE 6 LI","6x0,2","GLASS","0.8168989339136289"
23,8693593117075,"AKMİNA NAR 200ml","0.2","GLASS","0.19140043613125046"
24,8693593118461,"AKMINA ÇILEK-KARPUZ AROMALI MADEN SUYU 200 ML","0.2","GLASS","0.11645679020681221"
25,8693593118645,"AKMİNA LİMON NANE SODA","0.2","GLASS","0.9596962156400521"
26,8693593118669,"AKMİNA LİMONGİ,LLER LİMON AHUDUDU","0.2","GLASS","0.5975189968064514"
27,8693593115668,"AKMİNA SODA 200 ML.PORTAKAL","0.2","GLASS","0.5763630287254236"
28,8693593115637,"AKMİNA ŞEFTALİ AROMALI","0.2","GLASS","0.5900547285002106"
29,8693593115774,"AKMİNA VİŞNELİ SODA 6 LI","0.2","GLASS","0.7174731708150419"
30,8697530212557,"ALA RAKI 35 CL","0.35","GLASS","0.15981220263783347"
31,8697530211239,"ALA RAKI 70 CL","0.7","GLASS","0.3346178529817372"
32,86931731,"AROMA 200 ML VISNE GLASS","0.2","GLASS","0.5033633575394992"
33,8690690171856,"AROMA KARISIK 330 ML TNK","0.33","METAL","0.9075408184534576"
34,8690690030153,"AROMA KAYISI 1 LT","1","GLASS","0.42924231253980605"
35,8690690171795,"AROMA KAYISI 330 ML TNK","0.33","METAL","0.24848630181629827"
36,86931748,"AROMA MEYVE SUYU SISE 200 ML KAYSI","0.2","GLASS","0.29847935648249113"
37,86931755,"AROMA MEYVE SUYU SISE 200 ML SEFTALI","0.2","GLASS","0.7039233788578888"
38,8690690171818,"AROMA SEFTALI 330 ML TNK","0.33","METAL","0.5328447220650853"
39,8690690900012,"AROMA SU 500 ML","0.5","PLASTIC","0.01674365435827263"
40,8690690171771,"AROMA VISNE 330 ML TNK","0.33","METAL","0.5719171533563672"
41,8697681460029,"ASYA SU 0,5 LT","0.5","PLASTIC","0.570004176356977"
42,8697681460043,"ASYA SU 1,5 LT","1.5","PLASTIC","0.4258155647996762"
43,8691520605305,"AYTAC SU 0.5 ML","0.5","PLASTIC","0.8875382906342877"
44,8691520605404,"AYTAC SU 1.5 LT","1.5","PLASTIC","0.14844821481065806"
45,8691520605671,"AYTAC SU BARDAK PLASTIC","0.18","PLASTIC","0.5479868964344642"
46,8699015780063,"AYTAÇ BARDAK SU 300 CC","0.3","PLASTIC","0.12789891499491934"
47,8697530204439,"BAZOOKA VOTKA 35 CL","0.35","GLASS","0.8899498779903716"
48,8697530204446,"BAZOOKA VOTKA 70 CL","0.7","GLASS","0.5377610900437597"
49,8690520251697,"BECKS KUTU 50 CL","0.5","METAL","0.6608760407993093"
50,8691381000011,"BEYPAZARI DOGAL MADEN SUYU 20 CL","0.2","GLASS","0.5534916791895591"
51,8691381000127,"BEYPAZARI LIMONLU 20 CL","0.2","GLASS","0.919583583161668"
52,8691381000240,"BEYPAZARI LIMONLU 20 CL","0.2","GLASS","0.0533380721554243"
53,8691381000134,"BEYPAZARI LIMONLU AROMALI 6 LI","0.2","GLASS","0.846931050759103"
54,8691381000035,"BEYPAZARI MADEN SUYU 200MLX6","6x0,2","GLASS","0.7097759374222637"
55,8697530205535,"BİNBOA VOTKA 1 LT","1","GLASS","0.317513143406847"
56,8697530204491,"BİNBOA VOTKA 35 CL","0.35","GLASS","0.424187462914153"
57,8697530204507,"BİNBOA VOTKA 70 CL","0.7","GLASS","0.15517973075885905"
58,8690520524708,"BOMONTİ 33 CL ŞİŞE","0.33","GLASS","0.5153427822168326"
59,8698995562928,"BURGAZ RAKI 35 CC","0.35","GLASS","0.7622773398516005"
60,8698995562942,"BURGAZ RAKI 70 CC","0.7","GLASS","0.30761521831083605"
61,8698995563093,"BURGAZ RAKI GÖBEK 35 CC","0.35","GLASS","0.04466886063658615"
62,8698995561754,"BURGAZ RAKI KIRMIZI 35CC","0.35","GLASS","0.5506771868698807"
63,8698995561730,"BURGAZ RAKI KIRMIZI 70 CC","0.7","GLASS","0.17418442655376087"
64,5449000206879,"BURN 250 ML ROYAL","0.25","METAL","0.15560276951226137"
65,5449000090256,"BURN 250*4 ML ENERJI ICECEGI","4x0,25","METAL","0.525326366460292"
66,5449000043672,"BURN 500 ML BERRY KARISIK","0.5","METAL","0.22177291713358183"
67,5449000154880,"BURN 500 ML BLUE ENERGY","0.5","METAL","0.08153166935375988"
68,5449000167071,"BURN BERRY KARISIK MEYVE 250ML","0.25","METAL","0.4907113123978769"
69,5449000066015,"BURN ENERJI ICECEGI 250 ML","0.25","METAL","0.27267004425073715"
70,5449000159014,"BURN ENERJI ICECEGI 250 ML BLUE","0.25","METAL","0.7026827092413312"
71,5449000131768,"BURN ENERJI ICECEGI 500 ML","0.5","METAL","0.8383694433931764"
72,8699878420021,"BUZDAGI SU 0.5 LT","0.5","PLASTIC","0.5052514836691684"
73,8699878420038,"BUZDAGI SU 1.5 LT","1.5","PLASTIC","0.33229964620120755"
74,8699878420014,"BUZDAĞ BARDAK SU","0.18","PLASTIC","0.026944698929287192"
75,8690504519119,"GLASSLICA 1.5 LT PORTAKALLI","1.5","PLASTIC","0.8870840249996299"
76,8690504518600,"GLASSLICA 250 ML LIMONLU SISE","0.25","GLASS","0.3377416047760632"
77,8690504519072,"GLASSLICA 250 ML PORTAKALLI SISE","0.25","GLASS","0.2376583132636989"
78,8690504519102,"GLASSLICA 250 ML PORTAKALLI SISE","0.25","GLASS","0.4427332995298606"
79,8690504519157,"GLASSLICA 330 ML PORTAKALLI KUTU","0.33","METAL","0.63535574725854"
80,8690504525110,"GLASSLICA GAZOZ 1 LT","1","PLASTIC","0.6029763575057773"
81,8690504525318,"GLASSLICA GAZOZ 1 LT LIGHT","1","PLASTIC","0.39899493768801486"
82,8690504525127,"GLASSLICA GAZOZ 1.5 LT","1.5","PLASTIC","0.4276446136177171"
83,8690504525219,"GLASSLICA GAZOZ 250 ML LIGHT SISE","0.25","GLASS","0.5966366966780168"
84,8690504525011,"GLASSLICA GAZOZ 250 ML SISE","0.25","GLASS","0.6446631300325126"
85,8690504525042,"GLASSLICA GAZOZ KUTU 330 ML","0.33","METAL","0.445923892885861"
86,5449000206718,"CAPPY FRUTOPIA 200 ML KARISIK","0.2","METAL","0.8611174204311637"
87,5449000206695,"CAPPY FRUTOPIA SEFTALI 200ML","0.2","METAL","0.23458240395794627"
88,5449000207777,"CAPPY GELENEKSEL LIMONATA 1L","1","PLASTIC","0.2853246120966184"
89,5449000114792,"CAPPY HOSAF","1","PLASTIC","0.30051763910670515"
90,90331978,"CAPPY KARISIK 250 ML SISE","0.25","GLASS","0.5074197429752014"
91,5449000085986,"CAPPY KUTU 330 ML. ÇİLEKLİ","0.33","METAL","0.672585987704561"
92,5449000115225,"CAPPY KUTU 330 ML. KOKTEYL","0.33","METAL","0.7326233218539203"
93,5449000152572,"CAPPY MEYVE SUYU 1 LT PULPY LIMONATA","1","PLASTIC","0.2747731014212995"
94,5449000030207,"CAPPY MEYVE SUYU 1 LT PULPY MANDALINA","1","PLASTIC","0.5988046054153802"
95,5449000147417,"CAPPY MEYVE SUYU 1 LT PULPY PORTAKAL","1","PLASTIC","0.5372750539923175"
96,5449000200136,"CAPPY MEYVE SUYU 330 ML ATOM","0.33","METAL","0.6092995116062617"
97,5449000046048,"CAPPY MEYVE SUYU 330 ML KARISIK","0.33","METAL","0.2952775294207364"
98,5449000021601,"CAPPY MEYVE SUYU 330 ML KAYISI","0.33","METAL","0.07561343405948584"
99,5449000108982,"CAPPY MEYVE SUYU 330 ML KAYISI","0.33","METAL","0.30148972795375595"
100,5449000051769,"CAPPY MEYVE SUYU 330 ML PORTAKAL","0.33","METAL","0.6601163043920932"
101,5449000147042,"CAPPY MEYVE SUYU 330 ML PULPLY PORTAKAL","0.33","PLASTIC","0.3454784360883666"
102,90491788,"CAPPY MEYVE SUYU 330 ML PULPY LIMON","0.33","PLASTIC","0.8122568274672072"
103,5449000021588,"CAPPY MEYVE SUYU 330 ML SEFTALI","0.33","METAL","0.8510501538876889"
104,5449000021564,"CAPPY MEYVE SUYU 330 ML VISNE","0.33","METAL","0.9541561681162206"
105,5449000188458,"CAPPY MEYVE SUYU KARADUTUM 1 LT","1","PLASTIC","0.4241916038200312"
106,5449000119902,"CAPPY MEYVE SUYU VISNELIM 1 LT","1","PLASTIC","0.992440265377543"
107,5449000188328,"CAPPY MEYVE TANEM 1 LT KARISIK","1","PLASTIC","0.47302134056900413"
108,5449000186218,"CAPPY MEYVE TANEM 1 LT SEFTALI","1","PLASTIC","0.4624108649512435"
109,90399510,"CAPPY MEYVE TANEM 330 ML KARISIK","0.33","METAL","0.00004174797995482038"
110,90399244,"CAPPY MEYVE TANEM 330 ML SEFTALI","0.33","METAL","0.8752148526147043"
111,5449000176097,"CAPPY RAMAZAN SERBETI 1 LT","1","PLASTIC","0.06183146664293848"
112,90331985,"CAPPY SEFTALI 250 ML GLASS SISE","0.25","GLASS","0.8169665298643222"
113,8690582722401,"CARLSBERG BİRA","0.5","METAL","0.8893665778973147"
114,8690582723200,"CARLSBERG ŞİŞE 330 CL","0.33","GLASS","0.7310737734092329"
115,8690582721404,"CARLSBERG ŞİŞE 50 CL","0.5","GLASS","0.706085010420833"
116,8690288001541,"CAYIROVA AYRAN 1 LT","1","PLASTIC","0.7382587686078507"
117,8690105003758,"CAYKUR DIDI 1.5 LT LIMON","1.5","PLASTIC","0.07173155955608412"
118,8690105003734,"CAYKUR DIDI 1.5LT BERGAMOT","1.5","PLASTIC","0.7686039729564816"
119,8690105003772,"CAYKUR DIDI 1.5LT SEFTALI","1.5","PLASTIC","0.2798234794128849"
120,8690105003918,"CAYKUR DIDI 200 ML SEFTALI AROMALI","0.2","METAL","0.7739138993621959"
121,8690105006247,"CAYKUR DIDI 250 ML LIMON","0.25","METAL","0.9654128851729354"
122,8690105006209,"CAYKUR DIDI 250 ML SEFTALI","0.25","METAL","0.7168289889289241"
123,8691020683117,"CAYKUR DIDI 4X500 ML LIMON AROMALI ICECEK","4x0,5","METAL","0.9269196406712207"
124,8691020675624,"CAYKUR DIDI 500 ML BERGAMUT","0.5","METAL","0.9027131028902509"
125,8691020675600,"CAYKUR DIDI 500 ML LIMON","0.5","METAL","0.6137915831231703"
126,8691020675617,"CAYKUR DIDI 500 ML SEFTALI","0.5","METAL","0.793084428995308"
127,8690105003895,"CAYKUR DIDI BERGAMOT 1 LT","1","PLASTIC","0.7013020446083308"
128,8690105004724,"CAYKUR DIDI ICE TEA PEACH 500ML","0.5","METAL","0.916890020265279"
129,8690105003871,"CAYKUR DIDI LIMON 1 LT","1","PLASTIC","0.7951152598694058"
130,8691020683025,"CAYKUR DIDI LIMON 12*500 ML","12x0,5","METAL","0.7719011780364119"
131,8691020683018,"CAYKUR DIDI SEFTALI 12*500 ML","12x0,5","METAL","0.7481003254155862"
132,8690105003857,"CAYKUR DIDI SEFTALI 1LT","1","PLASTIC","0.8793660513545065"
133,8690105006643,"CAYKUR DIDI SEKERSIZ BERGAMOT 250 ML","0.25","PLASTIC","0.14150523061742992"
134,8690105003796,"CAYKUR DIDI SEKERSIZ BERGAMOT 500 ML","0.5","METAL","0.9207477190413853"
135,8690105006650,"CAYKUR DIDI SEKERSIZ SEFTALI 250 ML","0.25","PLASTIC","0.8642110027633297"
136,8690105003833,"CAYKUR DIDI SEKERSIZ SEFTALI 500 ML","0.5","METAL","0.3427505957675846"
137,8690105006223,"CAYKUR MINI DIDI 250ML BERGAMOT","0.25","PLASTIC","0.5325840235064944"
138,8691020683803,"CAYKUR MINI DIDI 250ml ÇILEK","0.25","PLASTIC","0.9630051817320466"
139,8691020683711,"CAYKUR MINI DIDI 250ML LIMON","0.25","PLASTIC","0.2958587207066502"
140,8691020683704,"CAYKUR MINI DIDI 250ML SEFTALI","0.25","PLASTIC","0.5482070521832202"
141,5449000054227,"COCA COLA 1 LT","1","PLASTIC","0.5109554746561391"
142,5449000016560,"COCA COLA 1 LT LIGHT","1","PLASTIC","0.05903186679900907"
143,5449000133328,"COCA COLA 1 LT ZERO","1","PLASTIC","0.5881894169344535"
144,5449000130389,"COCA COLA 1,75L","1.75","PLASTIC","0.6426370400785891"
145,5449000000439,"COCA COLA 1.5 LT","1.5","PLASTIC","0.9844733272584303"
146,5449000050212,"COCA COLA 1.5 LT LIGHT","1.5","PLASTIC","0.5973863216678815"
147,5449000133335,"COCA COLA 1.5 LT ZERO","1.5","PLASTIC","0.6308667716653492"
148,5449000050533,"COCA COLA 1LT PLASTIC","1","PLASTIC","0.9969677788417457"
149,5449000020024,"COCA COLA 1LTX4","4x1","PLASTIC","0.44290483364172695"
150,5449000131843,"COCA COLA 2 LT ZERO","2","PLASTIC","0.9846266942659255"
151,54491274,"COCA COLA 200 ML LIGHT SISE","0.2","GLASS","0.4367482619438382"
152,90490569,"COCA COLA 200 ML PLASTİK","0.2","PLASTIC","0.3268430860034336"
153,54491250,"COCA COLA 200 ML SISE","0.2","GLASS","0.3629152660267795"
154,90357725,"COCA COLA 200 ML ZERO SISE","0.2","GLASS","0.529517312139588"
155,5449000011114,"COCA COLA 200ML","0.2","METAL","0.6262243577271968"
156,5449000008046,"COCA COLA 250 ML KUTU","0.25","METAL","0.4532249199590047"
157,5449000009869,"COCA COLA 250 ML LIGHT KUTU","0.25","METAL","0.024897632455532226"
158,54492820,"COCA COLA 250 ML LIGHT SISE","0.25","GLASS","0.01916531263668797"
159,90338243,"COCA COLA 250 ML PLASTIC","0.25","PLASTIC","0.378844247516286"
160,54492509,"COCA COLA 250 ML SISE","0.25","GLASS","0.20919492369456893"
161,5449000020987,"COCA COLA 250 ML ZERO KUTU","0.25","METAL","0.7556829210933531"
162,90338120,"COCA COLA 250 ML ZERO SISE","0.25","GLASS","0.5565824679654859"
163,5449000000286,"COCA COLA 2LT","2","PLASTIC","0.3354887328146078"
164,5449000051547,"COCA COLA 330 ML KUTU 6 LI","6x0,33","METAL","0.8773571023451109"
165,5449000018267,"COCA COLA 330 ML LIGHT 6 LI","6x0,33","METAL","0.7835518089597566"
166,5449000050205,"COCA COLA 330 ML LIGHT KUTU","0.33","METAL","0.49906319194735194"
167,5449000131805,"COCA COLA 330 ML ZERO KUTU","0.33","METAL","0.3794295946928965"
168,5449000000996,"COCA COLA 330ML KUTU","0.33","METAL","0.6275256966493861"
169,5449000131812,"COCA COLA 330MLX6 ZERO","6x0,33","METAL","0.3351900961059937"
170,5449000020031,"COCA COLA 4*1 LT LIGTH","4x1","PLASTIC","0.4800924914138116"
171,5449000008435,"COCA COLA 4*1 LT ZERO","1","PLASTIC","0.561456639772145"
172,5449000199218,"COCA COLA 4*250 ML","4x0,25","METAL","0.04224177411982777"
173,5449000199287,"COCA COLA 4*250 ML KUTU ZERO","4x0,25","METAL","0.40682021398826673"
174,5449000199348,"COCA COLA 4*250 ML LIGHT KUTU","4x0,25","METAL","0.22423704210992634"
175,90370076,"COCA COLA 450 ML","0.45","PLASTIC","0.5837583504423147"
176,90375323,"COCA COLA 450 ML ZERO","0.45","PLASTIC","0.3305442998306546"
177,54491472,"COCA COLA 500 ML.","0.5","PLASTIC","0.6412373967354209"
178,54492387,"COCA COLA 500 ML.LİGHT","0.5","PLASTIC","0.6418737017037408"
179,5449000199232,"COCA COLA 8*250 ML","8x0,25","METAL","0.8703920516989891"
180,5449000199324,"COCA COLA 8*250 ML LIGHT","8x0,25","METAL","0.05672383799653691"
181,5449000199263,"COCA COLA 8*250 ML ZERO","8x0,25","METAL","0.8975872967412077"
182,5449000178244,"COCA COLA GLADIATOR 250 ML","0.25","METAL","0.588087329792719"
183,5449000052131,"COCA COLA LIGHT 200ML","0.2","METAL","0.8279506896063611"
184,5449000043191,"COCA COLA SISE 6 X 250 ML","6x0,25","GLASS","0.19278201575496245"
185,5449000020666,"COCA COLA SISE 6*250 ML LIGHT","6x0,25","GLASS","0.16273422839453378"
186,5449000148728,"COCA COLA SISE 6X250 ML ZERO","6x0,25","GLASS","0.036385714984487505"
187,5449000158895,"COCA COLA ZERO 200ML","0.2","METAL","0.9817424145622828"
188,8690000006540,"COCACOLA/FANTA/1LT","1","PLASTIC","0.9496194284005218"
189,8690504511212,"COLA TURKA 1 LT","1","PLASTIC","0.7892001951409401"
190,8690504511410,"COLA TURKA 1 LT LIGHT","1","PLASTIC","0.6165032013624568"
191,9999905131050,"COLA TURKA 1,5LT*12","12x1,5","PLASTIC","0.9214319939779912"
192,9999905131051,"COLA TURKA 1,5LT*12","12x1,5","PLASTIC","0.8834982130473032"
193,8690504514930,"COLA TURKA 1.5 LT","1.5","PLASTIC","0.25524975117877513"
194,8690504511236,"COLA TURKA 2 LT.","2","PLASTIC","0.2580721094506223"
195,8690504511106,"COLA TURKA 200 ML SISE","0.2","GLASS","0.1576682301092368"
196,8690504511991,"COLA TURKA 200ML PLASTIC ŞİŞE","0.2","PLASTIC","0.6078923994695722"
197,8690504511144,"COLA TURKA 330 ML KUTU","0.33","METAL","0.7354774978934726"
198,869054511144,"COLA TURKA 330ML","0.33","METAL","0.42688541692724935"
199,8690504511120,"COLA TURKA 330ML*24","24x0,33","METAL","0.9857274362217721"
200,8690504511113,"COLA TURKA GLASS ŞİŞE 250 ML.","0.25","GLASS","0.6671431843307576"
201,8690504511342,"COLA TURKA LIGHT 330 ML.","0.33","METAL","0.007297610873330029"
202,8697071100023,"ÇOBANPINAR BARDAK SU","0.18","PLASTIC","0.3329195747446193"
203,8697071100139,"ÇOBANPINAR SU 0,5LT*12","12x0,5","PLASTIC","0.07049692708890087"
204,8697071100153,"ÇOBANPINAR SU 1,5LT*6","6x1,5","PLASTIC","0.16296636823374266"
205,90495373,"DAMLA M.SODA 200ML*24 VİŞNE","24x0,2","GLASS","0.9853748047170912"
206,5449000176578,"DAMLA MIN. LIMON 6X200 ML","6x0,2","GLASS","0.04984313512568994"
207,90492846,"DAMLA MINERA 200ML. ELMA","0.2","GLASS","0.3891117314792859"
208,90495311,"DAMLA MINERA 200ML. LIMON","0.2","GLASS","0.178738030566425"
209,5449000176288,"DAMLA MINERA MADEN SUYU 6 LI","6x0,2","GLASS","0.23056552376482897"
210,90492976,"DAMLA MİNERA MEYVELİ SODA-MANDALİNA","0.2","GLASS","0.4963164279701383"
211,90492396,"DAMLA SODA 200 ML SADE","0.2","GLASS","0.5923869329141399"
212,5449000137173,"DAMLA SU 0.5 LT","0.5","PLASTIC","0.7717846685287146"
213,5449000137180,"DAMLA SU 1.5 LT","1.5","PLASTIC","0.47734266860336105"
214,90399121,"DAMLA SU 330ml","0.33","GLASS","0.5111341999895611"
215,5449000184856,"DAMLA SU 750ML","0.75","GLASS","0.7395605937129293"
216,8693354004200,"DGANAY SALGAM SUYU GLASS ACILI 330 ML","0.33","GLASS","0.8971411564695598"
217,8690558026359,"DIMES 1 LT LIGHT LIMONATA GLASS","1","GLASS","0.7563521748969081"
218,8690558028490,"DIMES 1 LT OSMANLI SIRASI HASBAHCE PLASTIC","1","PLASTIC","0.4547742317712161"
219,8690558028513,"DIMES 1 LT TARCINLI KARANFILI HASBAHCE PLASTIC","1","PLASTIC","0.3123736420884544"
220,8690558025628,"DIMES HASBAHCE 1 LT GLASS OSMANLI SIRASI","1","GLASS","0.5731128989889349"
221,8690558026854,"DIMES HASBAHCE 1 LT GLASS TARCINLI KARANFILLI","1","GLASS","0.4056844612309606"
222,8690558024560,"DIMES LIMONATA 1 LT GLASS","1","GLASS","0.6528267237898229"
223,8690558027646,"DIMES M.SUYU 1 LT ELMA-TARCIN GLASS","1","GLASS","0.581289162753743"
224,8690558028018,"DIMES M.SUYU PREMIUM %100 ELMA SUYU 700 ML","0.7","GLASS","0.9358590030141791"
225,8690558005026,"DIMES M.SUYU SEFTALİ 1000 ML GLASS","1","GLASS","0.9834551616411591"
226,8690558028346,"DIMES MEY SUYU 1 LT VISNE AKTIVE SISE","1","GLASS","0.45320791210589584"
227,8690558027981,"DIMES MEY.SUYU 700ML GLASS %100 KARISIK","0.7","GLASS","0.2519566854667007"
228,8690558027998,"DIMES MEY.SUYU 700ML GLASS %100 KIRMIZI MEYVELER","0.7","GLASS","0.4284376480467209"
229,8690558027974,"DIMES MEY.SUYU 700ML GLASS %100 PORTAKAL","0.7","GLASS","0.5573607643879002"
230,8690558028001,"DIMES MEY.SUYU 700ML GLASS %100 UZUM","0.7","GLASS","0.008179445841535626"
231,8690558014486,"DIMES MEYVE SUYU 1 LT KARISIK SISE","1","GLASS","0.9841994471242745"
232,8690558005033,"DIMES MEYVE SUYU 1 LT KAYISI SISE","1","GLASS","0.013313148335980074"
233,8690558028360,"DIMES MEYVE SUYU 330 ML AKTIVE VISNE","0.33","METAL","0.051811123264278724"
234,8690558020326,"DIMES MEYVE SUYU 330 ML SEFTALI","0.33","METAL","0.7313013605875123"
235,8690105008690,"DİDİ SOĞUK ÇAY 250ML BERGOMATLI","0.25","METAL","0.1003144592338292"
236,8690105006568,"DİDİ SOĞUK ÇAY 250ML ÇİLEKLİ","0.25","METAL","0.7110019816530914"
237,8690558027394,"DİMES %100 SIKMA ELMA 700 ML","0.7","GLASS","0.1853930291525543"
238,8690558029343,"DİMES %100 SIKMA NAR 700 ML","0.7","GLASS","0.7887862283303513"
239,8690558029015,"DİMES %100 SIKMA ÜZÜM 700 ML","0.7","GLASS","0.2921346828987619"
240,8690558014677,"DİMES 250 ML GLASS KARIŞIK","0.25","GLASS","0.9129294219323194"
241,8690558013137,"DİMES 250 ML GLASS KAYISI","0.25","GLASS","0.41774035402202503"
242,8690558013120,"DİMES 250 ML GLASS ŞEFTALİ","0.25","GLASS","0.19373300750688072"
243,8690558023464,"DİMES GLASS LİMONATA 250 ML","0.25","GLASS","0.8108073241129631"
244,8690558013113,"DİMES GLASS VİŞNE MEYVESUYU 250 ML","0.25","GLASS","0.8796170678205094"
245,8690558005019,"DİMES CLACSSİC VİŞNELİ MEYVE SUYU GLASS","1","GLASS","0.08846081424766516"
246,8690558022542,"DİMES MEYVE SUYU ŞİŞE 200 ML","0.2","GLASS","0.7595530257557584"
247,8690558022559,"DİMES MEYVE SUYU ŞİŞE 200 ML","0.2","GLASS","0.29372854548108307"
248,8690558022566,"DİMES MEYVE SUYU ŞİŞE 200 ML","0.2","GLASS","0.17857555848126339"
249,8690558022580,"DİMES MEYVE SUYU ŞİŞE 200 ML-KARIŞIK","0.2","GLASS","0.0743774210915199"
250,8690558028353,"DİMES VİŞNE 250 ML GLASS","0.25","GLASS","0.886637360493797"
251,8693354003838,"DOGANAY LIMONATA 1 LT GLASS-PLASTIC","1","PLASTIC","0.45502935652363163"
252,8693354003852,"DOGANAY LIMONATA 1 LT LIGHT GLASS-PLASTIC","1","PLASTIC","0.7752732036967205"
253,8693354004224,"DOGANAY SALGAM 330ML GLASS","0.33","GLASS","0.7888014676367364"
254,8693354004217,"DOGANAY SALGAM GLASS 1LT ACILI","1","GLASS","0.6466209392615241"
255,8693354004231,"DOGANAY SALGAM GLASS 1LT SADE","1","GLASS","0.9223488605937287"
256,8693354001223,"DOGANAY SALGAM SUYU 1 LT ACILI PLASTIC","1","PLASTIC","0.2824624184213297"
257,8693354001025,"DOGANAY SALGAM SUYU 1 LT ACISIZ PLASTIC","1","PLASTIC","0.08474991624300732"
258,8693354001094,"DOGANAY TAZE SIKMA PORTAKAL 1 LT","1","GLASS","0.2265010833094777"
259,8693354003494,"DOGANAY UZUM SIRKESI 500ML GLASS","0.5","GLASS","0.9887200399846962"
260,8693354004743,"DOĞANAY LİMONATA 250ML*12","0.25","PLASTIC","0.4971829318151073"
261,8693354004835,"DOĞANAY PORTAKAL SUYU 250ML PLASTICGLASS","0.25","PLASTIC","0.09324506155408419"
262,8699394450069,"DURU SU 0,5 ML","0.5","PLASTIC","0.33260979119487677"
263,8699394450076,"DURU SU 1,5 LT","1.5","PLASTIC","0.21598291178192885"
264,8697459002338,"EFE RAKI 100 CL","1","GLASS","0.07784045288874197"
265,8697459002345,"EFE RAKI 35 CL","0.35","GLASS","0.3948482184746105"
266,8697459002413,"EFE RAKI 50 CL","0.5","GLASS","0.7046163016045606"
267,8697459002321,"EFE RAKI 70 CL","0.7","GLASS","0.9554856137204146"
268,8697434520109,"EFEM SU 1,5 LT","1.5","PLASTIC","0.6756545481181851"
269,8697434520116,"EFEM SU 500 GR","0.5","PLASTIC","0.013954730084831501"
270,8690520040109,"EFES DARK KUTU","0.5","METAL","0.18160730206862052"
271,8690520252953,"EFES EXTRA KUTU 500ML","0.5","METAL","0.14855626706681857"
272,8690520252960,"EFES EXTRA ŞİŞE","0.5","GLASS","0.812096396769928"
273,8690520252083,"EFES FIÇI KUTU","0.5","METAL","0.39065214364892953"
274,8690520510190,"EFES FIÇI ŞİŞE","0.5","GLASS","0.3248753515561258"
275,8690520019907,"EFES KUTU","0.5","METAL","0.929286479117679"
276,8690520537234,"EFES KUTU 55 CL","0.55","METAL","0.9196322092435285"
277,8690520258269,"EFES MALT 50 CL ŞİŞE","0.5","GLASS","0.14006632810187003"
278,8690520529239,"EFES MALT KUTU 50 CL","0.5","METAL","0.7611608237543113"
279,8690520533502,"EFES ÖZEL SERİ KUTU","0.5","METAL","0.8340463101231791"
280,8690520535650,"EFES ÖZEL SERİ SLİM","0.25","METAL","0.5490612233187345"
281,8690520532901,"EFES ÖZEL SERİ ŞİŞE 50 CL","0.5","GLASS","0.664030912657518"
282,8690520533557,"EFES ÖZEL ŞİŞE 330 ML","0.33","GLASS","0.6939311867912492"
283,8690520035662,"EFES UZUN ŞİŞE 50 CL","0.5","GLASS","0.6289429493201191"
284,8690793010960,"ERIKLI 12*500 ML SU KOLI","12x0,5","PLASTIC","0.527385371691293"
285,8690793310152,"ERIKLI 6*1,5 LT SU","6x1,5","PLASTIC","0.6094810611811579"
286,8690793030029,"ERIKLI BARDAK SU 0,225 LT","0.225","PLASTIC","0.03213723129258861"
287,8690793010052,"ERIKLI SU 0.5 LT","0.5","PLASTIC","0.6291782968095233"
288,8690793010106,"ERIKLI SU 1 LT","1","PLASTIC","0.4548165116465871"
289,8690793010151,"ERIKLI SU 1.5 LT","1.5","PLASTIC","0.6152842998506584"
290,8690793010038,"ERIKLI SU 330 ML","0.33","PLASTIC","0.5000829733843316"
291,8690793110103,"ERİKLİ 1 LT","1","PLASTIC","0.6289550632422878"
292,8690504535560,"eskıpazar soda","0.2","GLASS","0.4504761813219894"
293,5449000106063,"FANTA 1 LT MANDALINA","1","PLASTIC","0.9262451647608958"
294,5449000003034,"FANTA 1 LT PORTAKAL","1","PLASTIC","0.00422401438289155"
295,5449000174352,"FANTA 1 LT-KAN PRTAKALI","1","PLASTIC","0.14999064924122552"
296,5449000054128,"FANTA 1,5 LT MANDALINA","1.5","PLASTIC","0.44621611161745456"
297,5449000052926,"FANTA 1.5 LT PORTAKAL","1.5","PLASTIC","0.36256406060110613"
298,5449000198648,"FANTA 1.5 LT SEFTALI AROMALI ICECEK","1.5","PLASTIC","0.7892541531264992"
299,5449000183828,"FANTA 1.5LT PLASTIC ELMA","1.5","PLASTIC","0.6434489739686999"
300,5449000132499,"FANTA 1.75 LT PORTAKAL","1.75","PLASTIC","0.20030328711583"
301,5449000020055,"FANTA 195499 PORTAKAL 4*1LT","1","PLASTIC","0.7326048607044285"
302,90491467,"FANTA 200 ML","0.2","METAL","0.20419748421723782"
303,90382529,"FANTA 200 ML ELMA AROMALI GAZOZ","0.2","METAL","0.5870159792769177"
304,5449000159151,"FANTA 200ML","0.2","METAL","0.3300491328668901"
305,90377204,"FANTA 250 ML","0.25","PLASTIC","0.6026461758523677"
306,5449000015075,"FANTA 2LT","2","PLASTIC","0.5090594549422714"
307,5449000199454,"FANTA 4*250 ML KUTU PORTAKAL","4x0,25","METAL","0.9056208112064166"
308,5449000018281,"FANTA 6*330 ML PORTAKAL","6x0,33","METAL","0.6064396430531627"
309,5449000091987,"FANTA LİGHT 250 ML.","0.25","METAL","0.1464007764020513"
310,90495410,"FANTA PORTAKAL 200 ML SISE","0.2","GLASS","0.9069807442334705"
311,5449000000712,"FANTA PORTAKAL 250 ML KUTU","0.25","METAL","0.29927652758976075"
312,5449000003102,"FANTA PORTAKAL 330 ML KUTU","0.33","METAL","0.40608134759650294"
313,40822938,"FANTA PORTAKAL 500 ML","0.5","PLASTIC","0.1449068878498423"
314,8690816200026,"FERSAN SALGAM SUYU 1 LT ACILI PLASTIC","1","PLASTIC","0.3774185657208242"
315,8690816160023,"FERSAN SALGAM SUYU 1 LT ACISIZ PLASTIC","1","PLASTIC","0.6684342815994145"
316,8690816200040,"FERSAN SALGAM SUYU 2LT ACILI PLASTIC","2","PLASTIC","0.07537235965257305"
317,8690816201115,"FERSAN ŞALGAM SUYU","0.33","PLASTIC","0.8143631553899808"
318,8693855000909,"FRESA EXTRA NAR SODA","6x0,2","GLASS","0.559927765594729"
319,8693855002057,"FRESA MEYVELI SODA 200 ML CILEK","0.2","GLASS","0.17150297848064133"
320,8693855001050,"FRESA MEYVELI SODA 200 ML ELMA","0.2","GLASS","0.6292063349500132"
321,8693855000350,"FRESA MEYVELI SODA 200 ML KARISIK","0.2","GLASS","0.7863280203358455"
322,8693855004440,"FRESA MEYVELI SODA 200 ML KARPUZ CILEK","0.2","GLASS","0.08931090379585827"
323,8693855001005,"FRESA MEYVELI SODA 200 ML LIMONLU","0.2","GLASS","0.3233501562321317"
324,8693855000275,"FRESA MEYVELI SODA 200 ML SEFTALI","0.2","GLASS","0.28867428549257357"
325,8693855001043,"FRESA MEYVELI SODA 200 ML VISNE","0.2","GLASS","0.409768817483223"
326,8693855005577,"FRESA MULTIVITAMIN 200ML 6LI ELMA GLASS","6x0,2","GLASS","0.3376355202837471"
327,8693855000862,"FRESA MULTIVITAMINLI SODA 200 ML LIMON","0.2","GLASS","0.9334480083902043"
328,8693855000886,"FRESA MULTIVITAMINLI SODA 200 ML MANDALINA","0.2","GLASS","0.593853215936809"
329,8693855000879,"FRESA MULTIVITAMINLI SODA 200 ML NAR","0.2","GLASS","0.6589034965139164"
330,8693855001111,"FRESA SODA 6 LIMON","6x0,2","GLASS","0.961869521471356"
331,8693855001135,"FRESA SODA 6LI CILEK","6x0,2","GLASS","0.3316044228432695"
332,8693855001159,"FRESA SODA 6LI ELMA","6x0,2","GLASS","0.44264493931566584"
333,8693855000374,"FRESA SODA 6LI KARISIK","6x0,2","GLASS","0.2329781003826733"
334,8693855004457,"FRESA SODA 6LI KARPUZ CILEK","6x0,2","GLASS","0.24712837343044636"
335,8693855000916,"FRESA SODA 6LI MANDALINA","6x0,2","GLASS","0.2146979000298943"
336,8693855000299,"FRESA SODA 6LI SEFTALI","6x0,2","GLASS","0.23138360250355305"
337,8693855000893,"FRESA SODA C PLUS LIMON 6*200","6x0,2","GLASS","0.4109235183539336"
338,8693855001128,"FRESA VISNELI SODA 6 LI","6x0,2","GLASS","0.7539836940533802"
339,8693855001142,"FREŞA 6'LI MUZ AROMALI","6x0,2","GLASS","0.7528640528182242"
340,8693855001166,"FREŞA 6'LI PORTAKAL AROMALI","6x0,2","GLASS","0.552424260544593"
341,8693855004532,"FREŞA FRESHER ELMA ","0.25","GLASS","0.8769268547274887"
342,8393855000374,"FREŞA MADEN SUYU 6X200ML.KARISIK","6x0,2","GLASS","0.9656331710544895"
343,8693855001036,"FREŞA MEYVELİ SODA 200 ML-PORTAKAL","0.2","GLASS","0.6918338356177722"
344,8693855001012,"FREŞA MEYVELİ SODA 200-MUZLU","0.2","GLASS","0.8108813849360396"
345,8693855000589,"FREŞA SODA","0.2","GLASS","0.24742665786419094"
346,8693855000183,"FREŞA SODA 250 ML LİMON BOL VİTAMINLI","0.25","GLASS","0.4920499135061036"
347,8693855005560,"FREŞA SODA ELMA 200ML*6*4","24x0,2","GLASS","0.06762088994087578"
348,8690574001231,"FRUKO","0.33","PLASTIC","0.21634228699689906"
349,8690574800230,"FRUKO 330*6 ML GAZOZ","6x0,33","METAL","0.29749338487397514"
350,8690574730261,"FRUKO 73026 GAZOZ 200ML GLASS","0.2","GLASS","0.35032883459979514"
351,8690574800216,"FRUKO 80023 330ML GAZOZ KUTU","0.33","METAL","0.5421849027553017"
352,8690574000494,"FRUKO GAZOZ 1 LT","1","PLASTIC","0.3326191484680201"
353,8690574820214,"FRUKO GAZOZ 1 LT","1","PLASTIC","0.5246929888093822"
354,8690574000463,"FRUKO GAZOZ 1,5L","1.5","PLASTIC","0.9346035137354417"
355,8690574840212,"FRUKO GAZOZ 1.5 LT KARISIK MEYVE","1.5","PLASTIC","0.19373538811636126"
356,8690574991259,"FRUKO GAZOZ 450 ML PLASTIC","0.45","PLASTIC","0.984203081236998"
357,8690574995271,"FRUKO GAZOZ 450 ML PLASTIC","0.45","PLASTIC","0.11039707110686425"
358,5449000200853,"FUSE ICE TEA 1 LT KAVUN-ÇİLEK","1","PLASTIC","0.8861713118243527"
359,5449000193223,"FUSE ICE TEA 1.5 LT LIMON","1.5","PLASTIC","0.14599905980869388"
360,5449000193070,"FUSE ICE TEA 1.5 LT SEFTALI","1.5","PLASTIC","0.3639852775120156"
361,5449000012838,"FUSE ICE TEA 250 ML KARPUZ","0.25","METAL","0.008081057832970084"
362,5449000012012,"FUSE ICE TEA 250 ML LIMON","0.25","METAL","0.9401978741544743"
363,5449000012739,"FUSE ICE TEA 250 ML MANGO-ANANAS","0.25","METAL","0.4713666572178239"
364,5449000012593,"FUSE ICE TEA 250 ML SEFTALI","0.25","METAL","0.611657502058828"
365,5449000159991,"FUSE ICE TEA 330 ML KARPUZ","0.33","METAL","0.25577799376418775"
366,5449000045720,"FUSE ICE TEA 330 ML LIMON","0.33","METAL","0.6181649366251271"
367,5449000088680,"FUSE ICE TEA 330 ML MANGO ANANAS","0.33","METAL","0.8413952477375621"
368,5449000002952,"FUSE ICE TEA 330 ML SEFTALI","0.33","METAL","0.06875385624247521"
369,5449000204875,"FUSE ICE TEA 500 ML LIMON","0.5","METAL","0.8402206228808917"
370,5449000204851,"FUSE ICE TEA 500 ML SEFTALI","0.5","METAL","0.18884622081220848"
371,5449000163462,"FUSE ICE TEA KARPUZ 1 LT","1","PLASTIC","0.8305928544596966"
372,5449000189318,"FUSE ICE TEA LIMON 1 LT","1","PLASTIC","0.4083518286638479"
373,5449000189356,"FUSE ICE TEA MANGO ANANAS 1 LT","1","PLASTIC","0.055555661160238023"
374,5449000189332,"FUSE ICE TEA SEFTALI 1 LT","1","PLASTIC","0.21902850775105853"
375,5449000017826,"FUSE TEA 2LT LIMON","2","PLASTIC","0.3975300004666391"
376,5449000018373,"FUSE TEA 2LT SEFTALI","2","PLASTIC","0.7165010816019047"
377,8699421939956,"GURPINAR SU 0,5 LT","0.5","PLASTIC","0.7983890626291639"
378,8699421939949,"GURPINAR SU 1,5 LT","1.5","PLASTIC","0.6321199518929213"
379,8696563000087,"GUVENPINAR 500 ML SU","0.5","PLASTIC","0.4408977993953854"
380,8694136000533,"GUZELPINAR SU 0,5 LT","0.5","PLASTIC","0.27531570782662995"
381,8694136000540,"GUZELPINAR SU 1,5 LT","1.5","PLASTIC","0.902455082550984"
382,8694136000557,"GUZELPINAR SU 330 ML","0.33","PLASTIC","0.6318605773638256"
383,8693202019042,"HAMIDIYE BARDAK SU 180 ML KOLI","0.18","PLASTIC","0.922094476432671"
384,8693202010087,"HAMIDIYE SU 0,5 L","0.5","PLASTIC","0.013272189990409133"
385,8693202019196,"HAMIDIYE SU 1,5 *6","6x1,5","PLASTIC","0.5135525391724386"
386,8693202010094,"HAMIDIYE SU 1,5 LT","1.5","PLASTIC","0.4547913845945879"
387,8693202010452,"HAMIDIYE SU 500 ML","0.5","PLASTIC","0.6358946716072114"
388,8693202010131,"HAMIDIYE SU GLASS SISE 330 ML","0.33","GLASS","0.3108769117959814"
389,8693202010476,"HAMIDIYE SU GLASS SISE 750 ML","0.75","GLASS","0.8872262109036503"
390,8693593215313,"HAYAT BEBEK SUYU 6*330","6x0,33","PLASTIC","0.6849835076085385"
391,8693593215306,"HAYAT SU 0,33 BEBEK SUYU","0.33","PLASTIC","0.8786312597816899"
392,8693593400474,"HAYAT SU 0,33LT","0.33","PLASTIC","0.8034269280138342"
393,8693593400498,"HAYAT SU 0,5LT","0.5","PLASTIC","0.00313178845809714"
394,8693593111110,"HAYAT SU 0,5LT SPOR KAPAK","0.5","PLASTIC","0.4929876021756415"
395,8693593103368,"HAYAT SU 0,75 LT","0.75","PLASTIC","0.023715442528759345"
396,8693593500006,"HAYAT SU 0.75 LT SPOR KAPAK","0.75","PLASTIC","0.45604246924340985"
397,8693593115019,"HAYAT SU 1,5 LT.","1.5","PLASTIC","0.5575946114945808"
398,8693593400511,"HAYAT SU 1,5LT","1.5","PLASTIC","0.5197561881145784"
399,8693593400610,"HAYAT SU 1.5 LT 6 LI","6x1,5","PLASTIC","0.6581657819634956"
400,8693593400627,"HAYAT SU 12*500 ML","12x0,5","PLASTIC","0.19295327292193643"
401,8693593215375,"HAYAT SU 1LT","1","PLASTIC","0.8467091198199485"
402,8693593105010,"HAYAT SU 500 ML.","0.5","PLASTIC","0.6765226976327686"
403,9120025930135,"ICE TEA C+SWISS","0.25","METAL","0.6899137242185938"
404,8690504534013,"ICETEA YEŞİL ÇAY","0.33","METAL","0.5189164776389531"
405,8692971412184,"ICIM 1 LT GUNLUK SUT GLASS","1","GLASS","0.062286483226221656"
406,8693855111117,"INISDIBI MADEN SODASI 200ML","0.2","GLASS","0.5817135063322348"
407,8697530211307,"İSTANBLUE VOTKA 100 CL","1","GLASS","0.7552847777812843"
408,8697530211291,"İSTANBLUE VOTKA 50 CL","0.5","GLASS","0.3730228338135556"
409,8697530209311,"İZMİR YEŞİL YAŞ ÜZÜM 1 KG RAKI","1","GLASS","0.44170817654369265"
410,8695188000151,"KARDELEN 1,5LT SU","1.5","PLASTIC","0.4047794851379788"
411,8695188000052,"KARDELEN SU 0.5","0.5","PLASTIC","0.6160936477266407"
412,8692121995024,"KAY SU 0,5 LT","0.5","PLASTIC","0.5417496576938589"
413,8692121995031,"KAY SU 1,5 LT","1.5","PLASTIC","0.41871493270031046"
414,8692813002146,"KIZILAY 24 LU MADEN SUYU 4*6 LI PK","4x6x0,2","GLASS","0.07834031083111925"
415,8692813003761,"KIZILAY 6LI SODA VISNE","6x0,2","GLASS","0.5822072409061883"
416,8692813004010,"KIZILAY MEYVELİ 6 LI","6x0,2","GLASS","0.21293711104980617"
417,8692813002160,"KIZILAY SADE SODA 24 LU (KOLI)","4x6x0,2","GLASS","0.6290270104601533"
418,8692813003891,"KIZILAY SODA 200 ML CILEK B VITAMINLI","0.2","GLASS","0.4906564327536015"
419,8692813003495,"KIZILAY SODA 200 ML ELMALI","0.2","GLASS","0.9172169406922854"
420,8692813003945,"KIZILAY SODA 200 ML KARPUZ CILEK C VITAMINLI","0.2","GLASS","0.19727798599615132"
421,8692813003396,"KIZILAY SODA 200 ML LIMONLU","0.2","GLASS","0.37110666621586486"
422,8692813002122,"KIZILAY SODA 200 ML SADE","0.2","GLASS","0.8042750036058802"
423,8692813003907,"KIZILAY SODA 200 ML VISNELI B VITAMINLI","0.2","GLASS","0.40845802461626357"
424,8692813003365,"KIZILAY SODA 200ML 6 LI LIMON","6x0,2","GLASS","0.69845407805991"
425,8692813002306,"KIZILAY SODA 200ML 6 LI SADE","6x0,2","GLASS","0.24055853763317858"
426,8691660001036,"KIZILCAHAMAM LIMONLU SODA 200 ML","0.2","GLASS","0.051149434353797374"
427,8691660001005,"KIZILCAHAMAM SODA","0.2","GLASS","0.6514628290061347"
428,8691660001104,"KIZILCAHAMAM SODA 6,LI","6x0,2","GLASS","0.6127822188314437"
429,8690574000814,"LIPTON ICE TEA 1 LT LIMON PLASTIC","1","PLASTIC","0.740814999187419"
430,8690574000821,"LIPTON ICE TEA 1 LT SEFTALI PLASTIC","1","PLASTIC","0.976530113176553"
431,8690574000838,"LIPTON ICE TEA 1.5 LT ELMA","1.5","PLASTIC","0.10610219401595722"
432,8690574841066,"LIPTON ICE TEA 1.5 LT LIMON","1.5","PLASTIC","0.18942575048112176"
433,8690574843862,"LIPTON ICE TEA 1.5 LT MANGO","1.5","PLASTIC","0.37381723164870473"
434,8690574842063,"LIPTON ICE TEA 1.5 LT SEFTALI","1.5","PLASTIC","0.7156608178647893"
435,8690574843961,"LIPTON ICE TEA 1.5 LT YESIL CAYLI","1.5","PLASTIC","0.8229377097402019"
436,8690574001446,"LIPTON ICE TEA 2LT LIMON","2","PLASTIC","0.45453233177735897"
437,8690574000487,"LIPTON ICE TEA 2LT SEFTALI","2","PLASTIC","0.7231315657215884"
438,8690574000852,"LIPTON ICE TEA 330 ML ELMA","0.33","METAL","0.28880460398799956"
439,8690574802760,"LIPTON ICE TEA 330 ML LIGHT LIMON KUTU","0.33","METAL","0.16021540146066693"
440,8690574802869,"LIPTON ICE TEA 330 ML LIGHT SEFTALI KUTU","0.33","METAL","0.37514812942100373"
441,8690574801060,"LIPTON ICE TEA 330 ML LIMON KUTU","0.33","METAL","0.20624909246863676"
442,8690574803866,"LIPTON ICE TEA 330 ML MANGO KUTU","0.33","METAL","0.036293224682509395"
443,8690574802067,"LIPTON ICE TEA 330 ML SEFTALI KUTU","0.33","METAL","0.9621982265323586"
444,8690574803965,"LIPTON ICE TEA 330 ML YESIL CAYLI KUTU","0.33","METAL","0.733231962828324"
445,8690574803934,"LIPTON ICE TEA 330*6 ML GREEN","6x0,33","METAL","0.49345629245475386"
446,8690574803835,"LIPTON ICE TEA 330*6 ML MANGO","6x0,33","METAL","0.8653093301200834"
447,8690574802838,"LIPTON ICE TEA 330*6 ML SEFTALI LIGHT","6x0,33","METAL","0.5453701573404512"
448,8690574801039,"LIPTON ICETEA LIMON 6X330ML","6x0,33","METAL","0.5787695375152716"
449,8692813003938,"LİMONLU MADEN","0.25","GLASS","0.8389245922760569"
450,8690792026023,"MEYSU 1LT GUL SERBETI","1","GLASS","0.7744183581662258"
451,8690792019667,"MEYSU NAR SUYU 1L","1","GLASS","0.4888557921736931"
452,8690792014501,"MEYSU PORTAKAL 1LT","1","GLASS","0.335899904322299"
453,8690792014358,"MEYSU ŞİŞE KAYISI","0.2","GLASS","0.7247377873257773"
454,8690792019926,"MEYSU ÜZÜM SUYU 1L","1","GLASS","0.8470264018465545"
455,8690792014334,"MEYSU VİŞNE ŞİŞE","0.2","GLASS","0.49339969892910573"
456,8690520533229,"MİLLER KUTU 500 ML","0.5","METAL","0.6789500769952397"
457,8690520517632,"MİLLER KUTU 50CL","0.5","METAL","0.3549137018334533"
458,8690520517601,"MİLLER ŞİŞE 330 ML","0.33","GLASS","0.4538258565116713"
459,4005500274360,"NESCAFE XPRESS LATTE 250 ML","0.25","METAL","0.39167611063778807"
460,8697713559813,"NESTEA ICE TEA 1 LT LIMON AROMALI","1","PLASTIC","0.07000266404983091"
461,5449000012913,"NESTEA ICE TEA 330 ML LIMON KUTU","0.33","METAL","0.14191967133926897"
462,8697713559899,"NESTEA ICE TEA 330 ML LIMON KUTU","0.33","METAL","0.9467975812943539"
463,8697713559905,"NESTEA ICE TEA 330 ML SEFTALI KUTU","0.33","METAL","0.24911558548575252"
464,86997713550162,"NESTLE KIDS SU PLASTIC 330ML","0.33","PLASTIC","0.7623640503683717"
465,8697713550070,"NESTLE SU 1,5LT","1.5","PLASTIC","0.6993973171978272"
466,8697713559981,"NESTLE SU 1LT","1","PLASTIC","0.7729744308547914"
467,8697713550032,"NESTLE SU PURE LIFE 0.50 ML","0.5","PLASTIC","0.9921178703812763"
468,8697436730056,"OZKAYIŞDAGI SU 1,5LT","1.5","PLASTIC","0.6398121645212098"
469,8681062101021,"OZLEM BARDAK SU 200 CC","0.2","PLASTIC","0.2885591130533639"
470,8697436730049,"ÖZKAYIŞDAĞ SU 0,5 LT","0.5","PLASTIC","0.6048233320333529"
471,8690574820511,"PEPSI 1 LT","1","PLASTIC","0.022219371043442293"
472,8690574841585,"PEPSI 1,5 LT MAX","1.5","PLASTIC","0.5968717328368643"
473,8690574840519,"PEPSI 1.5LT PLASTIC (4056)","1.5","PLASTIC","0.7707433238824443"
474,8690574820542,"PEPSI 1*4 LT COLA","4x1","PLASTIC","0.2855270103262174"
475,8690574821549,"PEPSI 1*4 LT MAX","4x1","PLASTIC","0.8829304506284271"
476,8690574830510,"PEPSI 2 LT","2","PLASTIC","0.22701958288380975"
477,86903400,"PEPSI 330 ML KUTU","0.33","METAL","0.08420515331133638"
478,8690574801565,"PEPSI 330 ML MAXI KUTU","0.33","METAL","0.9566953056319276"
479,86903363,"PEPSI 330ML COLA LIGHT KUTU","0.33","METAL","0.9738967458166266"
480,8690574995578,"PEPSI 450 ML","0.45","PLASTIC","0.41889902510398624"
481,8690574800537,"PEPSI 6X330ML","6x0,33","METAL","0.735370071657888"
482,86903387,"PEPSI 82066 1LT 7 UP GAZOZ PLASTIC","1","PLASTIC","0.0024162776416253307"
483,8690574990511,"PEPSI 99057 450ML PLASTIC","0.45","PLASTIC","0.9885353127134651"
484,8690574100484,"PEPSI COLA 200 ML","0.2","METAL","0.907106414912708"
485,86927383,"PEPSI COLA 200 ML SISE","0.2","GLASS","0.9759287759263597"
486,8690574991556,"PEPSI COLA 450 ML PLASTIC SISE","0.45","PLASTIC","0.037328531598683656"
487,8690574001002,"PEPSI KOLA 1,5 LITRE","1.5","PLASTIC","0.18521226051752215"
488,8690574820719,"PEPSI LIGHT 1 LT","1","PLASTIC","0.4833968932531191"
489,8690574821563,"PEPSI MAX ZERO 1 LT","1","PLASTIC","0.7001999428230873"
490,8690574000791,"PEPSİ 2lt","2","PLASTIC","0.2205304446513776"
491,8690574002054,"PEPSİ 1 LT","1","PLASTIC","0.9119459306687873"
492,8690574001071,"PEPSİ 1,5 LT TWIST","1.5","PLASTIC","0.11662259632334016"
493,8690574003716,"PEPSİ 250 ML","0.25","METAL","0.743154522831026"
494,8690574839568,"PEPSİ 2L","2","PLASTIC","0.7129766446218826"
495,8690574001163,"PEPSİ 330 ML PLASTIK KOLA","0.33","PLASTIC","0.430864911035751"
496,860525041316,"PINAR 1 ,5 SU","1.5","PLASTIC","0.09950488505684874"
497,8690525060058,"PINAR GLASS SU 33CL","0.33","GLASS","0.46958263949913837"
498,8690525060065,"PINAR GLASS SU 75CL","0.75","GLASS","0.15709359638290543"
499,8695728000023,"PINAR SU 1,5LT","1.5","PLASTIC","0.5767688576902568"
500,8690525022025,"PINAR SU 1LT","1","PLASTIC","0.7577691751891267"
501,8690525060010,"PINAR YASAM PINARIM 0,5LT","0.5","PLASTIC","0.5959733861547271"
502,8690525060027,"PINAR YASAM PINARIM 0,5LT EMZIKLI","0.5","PLASTIC","0.582493662635671"
503,8690525041316,"PINAR YASAM PINARIM 1.5LT","1.5","PLASTIC","0.9303826892115206"
504,8690525060072,"PINAR YASAM PINARIM SU 0,33L","0.33","PLASTIC","0.865157496818094"
505,90162602,"REDBULL 250 ML ENERGY DRINK","0.25","METAL","0.8445853057888372"
506,8697520000003,"SAKA SU 1,5LT","1.5","PLASTIC","0.6766147629676919"
507,8697520000010,"SAKA SU 500 ML","0.5","PLASTIC","0.6857701477281628"
508,8698980920016,"SARIKIZ MADEN SUYU 200ML","0.2","GLASS","0.06803976695641667"
509,8698980920160,"SARIKIZ MEYVELİ SODA 250 ML-LİMON","0.25","GLASS","0.1363060487352029"
510,5449000081438,"SCHWEPPES 250ML % ELMA KUTU(364698)","0.25","METAL","0.7893212970939122"
511,5449000208347,"SCHWEPPES 250ML % ELMA-NAR KUTU(324698)","0.25","METAL","0.7772333086200299"
512,5449000208361,"SCHWEPPES 250ML % ELMA-VISNE KUTU(334698)","0.25","METAL","0.47273049543590107"
513,8692095001011,"SEK SUT SISE 500 GLASS depositolu","0.5","GLASS","0.7753120059793808"
514,8692095341926,"SEK SÜT 2 LT","2","PLASTIC","0.4745568673682893"
515,5449000055958,"SENSUN GAZOZ 1.5LT","1.5","PLASTIC","0.743369124070456"
516,8691058100020,"SIRMA 200CC.X6 DOGAL MADEN SUYU","6x0,2","GLASS","0.5053145695382883"
517,8691058141856,"SIRMA B VITAMINLI MEYVELI SODA 200 ML CILEK","0.2","GLASS","0.18675147895223165"
518,8691058141849,"SIRMA B VITAMINLI MEYVELI SODA 200 ML VISNELI","0.2","GLASS","0.23007597930437662"
519,8691058142594,"SIRMA C PLUS 6X200 ML ELMA","6x0,2","GLASS","0.7026628981677018"
520,8691058141887,"SIRMA C PLUS 6X200 ML LIMON","6x0,2","GLASS","0.7315761376419632"
521,8691058142587,"SIRMA C PLUS 6X200 ML MAND.","6x0,2","GLASS","0.4422822683050357"
522,8691058141788,"SIRMA C PLUS 6X200 ML NAR","6x0,2","GLASS","0.9861004447577594"
523,8691058141900,"SIRMA C VIT.CILEKLI 6LI SODA","6x0,2","GLASS","0.8937116636229943"
524,8691058142570,"SIRMA C VITAMINLI MEYVELI SODA 200 ML ELMA","0.2","GLASS","0.45525976645790756"
525,8691058141832,"SIRMA C VITAMINLI MEYVELI SODA 200 ML LIMONLU","0.2","GLASS","0.959973782844538"
526,8691058142563,"SIRMA C VITAMINLI MEYVELI SODA 200 ML MANDALINA","0.2","GLASS","0.008665294874165785"
527,8691058143423,"SIRMA GAZLI ICE. C PLUS 6X250ML LIMONLU","6x0,25","GLASS","0.2327320759467716"
528,8691058143416,"SIRMA GAZLI ICE. C PLUS 6X250ML MANDALINALI","6x0,25","GLASS","0.13541870301134318"
529,8691058143218,"SIRMA KAYNAK SUYU 330 ML EXCLUSIVE","0.33","GLASS","0.3880231708784988"
530,8691058143157,"SIRMA KAYNAK SUYU 750 ML EXCLUSIVE","0.75","GLASS","0.23354608379539576"
531,8691058140118,"SIRMA M.SODA 200ML ÇİLEK *24LÜ","24x0,2","GLASS","0.30006461802919004"
532,8691058140309,"SIRMA M.SODA 6 LI","6x0,2","GLASS","0.25275975381754545"
533,8691058140613,"SIRMA MEY. SODA 200ML ELMALI","0.2","GLASS","0.20188083253600875"
534,8691058141870,"SIRMA MEY.SODA 6*250 ML PORTAKAL C PLUS","6x0,25","GLASS","0.3742372899651423"
535,8691058140293,"SIRMA MEY.SODA KAVUN-CILEK AROMALI","6x0,25","GLASS","0.1385870145384298"
536,8691058140248,"SIRMA MEY.SODA LIMON 6X200 ML.","6x0,2","GLASS","0.7997911390357336"
537,8691058140606,"SIRMA MEYVELI SODA 200 ML ELMA","6x0,2","GLASS","0.8333873456133273"
538,8691058140088,"SIRMA MEYVELI SODA 200 ML LIMONLU","0.2","GLASS","0.23585066393862564"
539,8691058141238,"SIRMA MEYVELI SODA 200 ML NAR","0.2","GLASS","0.016763926193190892"
540,8691058140149,"SIRMA MEYVELI SODA 200 ML VISNE","0.2","GLASS","0.31002734984106495"
541,8691058100044,"SIRMA SADE SODA 20 LI SADE (KOLI)","20x0,2","GLASS","0.7264858821343096"
542,8691058143133,"SIRMA SCHORIE 250ML NAR AROMALI","0.25","GLASS","0.6302976495628902"
543,8691058143119,"SIRMA SCHORLE 250 ML ELMA","0.25","GLASS","0.28413207218894954"
544,8691058143201,"SIRMA SCHORLE 6 LI CILEK","6x0,25","GLASS","0.5104812198389784"
545,8691058143171,"SIRMA SCHORLE 6 LI ELMA","6x0,25","GLASS","0.2222546536701514"
546,8691058143454,"SIRMA SCHORLE 6LI KARADUTLU","6x0,25","GLASS","0.4910572374448151"
547,8691058143195,"SIRMA SCHORLE 6LI NARLI","6x0,25","GLASS","0.313485628080166"
548,8691058144635,"SIRMA SEFTALI 200 ML","0.2","GLASS","0.9383988112069706"
549,8691058140132,"SIRMA SODA 200 CC KAVUN-CILEK","0.2","GLASS","0.0008510182673402422"
550,8691058100013,"SIRMA SODA 200 ML SADE","0.2","GLASS","0.9486297525318297"
551,8691058141917,"SIRMA SU 0,33ML*24","24x0,33","PLASTIC","0.17880557026353971"
552,8691058141948,"SIRMA SU 0.5 ML","0.5","PLASTIC","0.8975685639488221"
553,8691058141979,"SIRMA SU 1.5 LT","1.5","PLASTIC","0.7511463257264984"
554,8691058143676,"SIRMA SU 330 ML PEPE GLASS","0.33","GLASS","0.5218468333612577"
555,8691058143164,"SIRMA TURKUAZ MAD. SUYU 750 ML","0.75","GLASS","0.7343640498904113"
556,8691058143225,"SIRMA TURKUAZ MAD.SUYU 330 ML DOGAL","0.33","GLASS","0.48713273036335913"
557,8697432340037,"SIRMAKEŞ BARDAK SU","0.18","PLASTIC","0.4230813259366244"
558,5449000199416,"SPRITE 4*250 ML KUTU LIMON","4x0,25","METAL","0.7674051635987749"
559,5449000000729,"SPRITE GAZOZ 250 ML KUTU","0.25","METAL","0.6245858676977224"
560,5449000006288,"SPRITE GAZOZ 330 ML LIMON","0.33","METAL","0.7059053743268235"
561,5449000011749,"SPRITE KUTU 6*330ML","6x0,33","METAL","0.014214837865436536"
562,8690504516613,"SUNNY ŞİŞE 250 ML-MANDALİNA","0.25","GLASS","0.023204582849616684"
563,8690504515012,"SUNNY ŞİŞE 250 ML-PORTAKAL","0.25","GLASS","0.6136366261773384"
564,8690767711022,"SUTAS GLASS AYRAN 300ML","0.3","GLASS","0.7711150411383793"
565,8690767710568,"SUTAS SUT 1 LT GUNLUK GLASS SISE","1","GLASS","0.5490462957619501"
566,8690767710483,"SUTAS SUT 500 ML GUNLUK GLASS SISE","0.5","GLASS","0.49382805598645063"
567,8690767002182,"SÜTAŞ AYRAN 250ML*10 ŞİŞE","10x0,25","PLASTIC","0.4107303372948784"
568,8690575941017,"TAMEK 330ML KUTU KAHVALTIM","0.33","METAL","0.2658079761272779"
569,8690573900917,"TAMEK DOMATES SUYU SISE 1 LT","1","GLASS","0.5543635693656023"
570,8690575903022,"TAMEK M.SUYU 1 LT GLASS KAHVALTIM","1","GLASS","0.6846745216868309"
571,8690573900511,"TAMEK MEYVE SUYU 1 LT ELMA GLASS","1","GLASS","0.16746750599732008"
572,8690575903015,"TAMEK MEYVE SUYU 1 LT HAVUC PORTAKAL LIMON GLASS","1","GLASS","0.7593415071187088"
573,8690575900618,"TAMEK MEYVE SUYU 1 LT KARISIK GLASS","1","GLASS","0.9258231310247688"
574,8690573900313,"TAMEK MEYVE SUYU 1 LT KAYISI GLASS","1","GLASS","0.6884759138573534"
575,8690573900412,"TAMEK MEYVE SUYU 1 LT SEFTALI GLASS","1","GLASS","0.08536750404438509"
576,8690573900214,"TAMEK MEYVE SUYU 1 LT VISNE GLASS","1","GLASS","0.7050047179156356"
577,8690575940911,"TAMEK MEYVE SUYU 330 ML KARISIK","0.33","METAL","0.14062517241527306"
578,8690574940318,"TAMEK MEYVE SUYU 330 ML KAYISI","0.33","METAL","0.773961293129967"
579,8690574940110,"TAMEK MEYVE SUYU 330 ML PORTAKAL","0.33","METAL","0.1886753340051306"
580,8690574940417,"TAMEK MEYVE SUYU 330 ML SEFTALI","0.33","METAL","0.8426946274445363"
581,8690575940416,"TAMEK MEYVE SUYU 330 ML SEFTALI","0.33","METAL","0.23952352746007566"
582,8690574940219,"TAMEK MEYVE SUYU 330 ML VISNE","0.33","METAL","0.612098457787248"
583,8690575940218,"TAMEK MEYVE SUYU 330 ML VISNE","0.33","METAL","0.038623558332326446"
584,8690575902513,"TAMEK PLUS MEYVE SUYU 1 LT NAR PORTAKAL GLASS","1","GLASS","0.7190823876982262"
585,8690635720101,"TAT DOMATES SUYU GLASS 1 LT","1","GLASS","0.05388555067684542"
586,8695077004628,"TEATONE İCE TEA-LİMON","0.33","METAL","0.82683190234381"
587,8697530202879,"TEKİRDAĞ 20 CC RAKI","0.2","GLASS","0.16542561011791268"
588,8697530200837,"TEKİRDAĞ RAKI 100 CL","1","GLASS","0.4657678943864524"
589,8697530200066,"TEKİRDAĞ RAKI 35 CL","0.35","GLASS","0.9405274598510136"
590,8697530200868,"TEKİRDAĞ RAKI 50 CL","0.5","GLASS","0.21713348730388116"
591,8697530201582,"TEKİRDAĞ RAKI 70 CL","0.7","GLASS","0.552655327933385"
592,8690574002603,"TROPICANA AFYON VISNE 330 ML","0.33","METAL","0.97008100657378"
593,8690574002597,"TROPICANA MALATYA KAYISI 330 ML","0.33","METAL","0.28105431152283367"
594,8690574101290,"TROPİCANA ÇİLEK NEKTARİ 330 ML","0.33","METAL","0.47372754226586544"
595,8690582813406,"TUBORG FIÇI ŞİŞE 50 CL","0.5","GLASS","0.22614123308873324"
596,8690582112400,"TUBORG GOLD KUTU 500 ML","0.5","METAL","0.9505830914895794"
597,8690582132408,"TUBORG SPECIAL KUTU","0.5","METAL","0.9484524661911506"
598,8690582111403,"TUBORG ŞİŞE","0.5","GLASS","0.4766253172317447"
599,8697520526589,"ULKER GLASSLICA ELMA ARMUT 250ML","0.25","GLASS","0.6018977613614453"
600,8690504526391,"ULKER GLASSLICA GAZOZ 250MLX6 SISE","6x0,25","GLASS","0.3283652867524388"
601,8697520526558,"ULKER GLASSLICA KIRMIZI MEYV.250ML","0.25","GLASS","0.7913327993404897"
602,8690504513155,"ULKER COLA TURKA 1,5LT.","1.5","PLASTIC","0.35278109931682455"
603,8692971412177,"ULKER ICIM 1/5 GLASS GUNLUK SUT PAST","0.2","GLASS","0.1127383029969512"
604,8692971471778,"ULKER ICIM 330ML KARISIK NEKTARI KUTU","0.33","METAL","0.38000358849570814"
605,8690723511208,"ULUDAG DOGAL MADEN SUYU 200 ML 6 LI","6x0,2","GLASS","0.45840973605327595"
606,8690723581225,"ULUDAG FRUTTI 6*200 ML NARLI MADEN SUYU","6x0,2","GLASS","0.5706992622778501"
607,8690723113303,"ULUDAG GAZOZ 330 ML EFSANE","0.33","PLASTIC","0.3334913073760981"
608,8690723383300,"ULUDAG LIMONATA 330 ML PLASTIC SISE","0.33","PLASTIC","0.6198397250905409"
609,8690723381832,"ULUDAG LIMONATA 6X250 ML GLASS","6x0,25","GLASS","0.8938417512608873"
610,8690723511239,"ULUDAG MADEN SUYU 20CL.X6 ADET","6x0,2","GLASS","0.7120354883428235"
611,8690723073300,"ULUDAG MANDALINATA PLASTIC SISE 330 ML","0.33","PLASTIC","0.6138887802082542"
612,8698758590106,"ULUDAG SU 1,5LT","1.5","PLASTIC","0.023717432838423536"
613,8690574800414,"YEDIGUN 330 ML BODRUM MAND.","0.33","METAL","0.29018297577450136"
614,8690574990313,"YEDIGUN 450ML PORTAKAL PLASTIC ( 00211)","0.45","PLASTIC","0.7685488782460336"
615,8690574800315,"YEDIGUN GAZOZ 330 ML PORTAKAL","0.33","METAL","0.2980414164408841"
616,8690574991358,"YEDIGUN PORTAKAL PLASTIC 450 ML","0.45","PLASTIC","0.0686851835346528"
617,8690574100651,"YEDIGUN SEFTALI MEYVELI GAZOZ 1LT","1","PLASTIC","0.9510177273834478"
618,8690574003464,"YEDİGÜN PLASTIC 250ML","0.25","PLASTIC","0.5983265370716295"
619,8690574001729,"YEDİGÜN PLASTIC 330 ML","0.33","PLASTIC","0.5511705131520537"
620,8697530209281,"YEKTA 1 KG RAKI","1","GLASS","0.9216455875262297"
621,8697530200226,"YENİ RAKI 1 LT","1","GLASS","0.12315294875405258"
622,8697530207867,"YENİ RAKI 1000","1","GLASS","0.010844254077944315"
623,8697530200936,"YENİ RAKI 20 CC","0.2","GLASS","0.7152833965637614"
624,8697530200011,"YENİ RAKI 35","0.35","GLASS","0.09489268745634816"
625,8697530205757,"YENİ RAKI 50 CL","0.5","GLASS","0.48623600804575684"
626,8697530210102,"YENİ RAKI 70 CC","0.7","GLASS","0.1626977300273258"
627,8697530200103,"YENİ RAKI 70 CL","0.7","GLASS","0.19527278290901184"
628,8697530209434,"YENİ RAKI YENİ SERİ 35 CL","0.35","GLASS","0.4532289282269719"
629,8697530209441,"YENİ RAKI YENİ SERİ 70 CL","0.7","GLASS","0.8771919896560723"
630,8699863380095,"YILDIZ SU 0,25","0.25","PLASTIC","0.5527904293897746"
631,8691130020567,"YORSAN SUT 1/1 PATORIZE GLASS","1","GLASS","0.6728731867138676"
632,8690582111205,"tuborg 330ml","0.33","GLASS","0.9513470859196401"
633,8697419970110,"kalabak suyu 330 ml","0.33","PLASTIC","0.8352492249385348"
634,8695523200338,"exotic meyve suyu nar 330ml","0.33","PLASTIC","0.5470951519757375"
635,90375514,"Damla Su","0.33","PLASTIC","0.4791351943782358"
636,8690574104543,"Pepsi twist","0.33","METAL","0.5187621892366084"
637,8690793600437,"Erikli Mineral Su","0.2","GLASS","0.07369266729935331"
638,90495502,"Sprite","0.2","GLASS","0.6505717253894806"
639,5449000254160,"Fanta Limon-Ta","0.2","METAL","0.30653807504532604"
640,8690793600321,"Erikli Su","0.75","GLASS","0.11569192237536197"
641,8697419970035,"Kalabak su","0.5","PLASTIC","0.7034720660321495"
642,8690574104529,"Lipton Ice Tea Karpuz Nane","0.33","METAL","0.6332234114328529"
643,8697415340153,"GECEK SU 0,5LT","0,5","PLASTIC","0.4318338605586899"
644,8699015750318,"ABANT SU 1,5LT","1,5","PLASTIC","0.610720355267645"
645,8680152810034,"ELMACIK SU 0,5LT","0,5","PLASTIC","0.228024442472181"
646,5449000016645,"COCA COLA 2,5 LT","2,5 LT","PLASTIC","0.04075251669078783"
647,8682157000014,"TURKMEN SU 0,5 LT","0,5 LT","PLASTIC","0.5131165734414896"
648,8680188130175,"ASSU 1,5 LT","1,5 LT","PLASTIC","0.24226271150896594"
649,8697419970059,"KALABAK SU 1,5 LT","1,5 LT","PLASTIC","0.9812963748801674"
650,8697419970042,"KALABAK SU 1 LT","1 LT","PLASTIC","0.7789550716674003"
651,8697423280007,"CENE SUYU 0,5 LT","0,5 LT","PLASTIC","0.3121265725199168"
652,8699131520529,"SULTAN SU 0,5 LT","0,5 LT","PLASTIC","0.48676625480576685"
653,8696236304283,"RIOBA SU 0,5 LT","0,5 LT","PLASTIC","0.05305825425563937"
654,8699004570026,"DINC SU 0,5 LT","0,5 LT","PLASTIC","0.5409472627597183"
655,8699073660048,"PIR SU 0,5 LT","0,5 LT","PLASTIC","0.7550240759991332"
656,8690723703504,"ULUDAG FRUTTI EXTRA YESIL LIMONLU 1 LT","1 LT","PLASTIC","0.5063423888328288"
657,8691020683162,"DIDI SOGUK CAY SEFTALI 2,5 LT","2,5 LT","PLASTIC","0.21843452400074426"
658,8691020683179,"DIDI SOGUK CAY LIMON 2,5 LT","2,5 LT","PLASTIC","0.8558055024752717"
659,8698720869438,"JUSS TEA SOGUK CAY SEFTALI 0,25 LT","0,25 LT","PLASTIC","0.5651288043260159"
660,8680188130151,"ASSU 0,5 LT","0,5 LT","PLASTIC","0.22300559271727316"
661,8690574950218,"FRUKO GAZOZ 2,5 LT","2,5 LT","PLASTIC","0.014753838178917844"
662,8681324006538,"SUTAS KAF KEFIR CILEK 1 LT","1 LT","PLASTIC","0.019749481506773803"
663,8690723383508,"ULUDAG LIMONATA 1 LT","1 LT","PLASTIC","0.6485770066843806"
664,8682214705876,"CROWN PORTAKAL AROMALI GAZLI ICECEK 0,25 LT","0,25 LT","PLASTIC","0.6087238655406059"
665,8693354005689,"DOGANAY SALGAM ACILI 0,3 LT","0,3 LT","PLASTIC","0.49502889493086166"
666,8694410000020,"TATBAK  LIMON SOSU 0,5 LT","0,5 LT","PLASTIC","0.2865726429021428"
667,8698720872162,"SARIYER PORTAKAL SEKERSIZ 0,25 LT","0,25 LT","PLASTIC","0.1537726843949403"
668,8690574107001,"PERSI MANGO 0,25 LT","0,25 LT","METAL","0.32886591101491647"
669,8695077081254,"TEATONE ICE TEA MANGO VE ANANAS AROMALI 0,33LT","0,33 LT","METAL","0.1893252621525573"
670,5449000115454,"CAPPY BAHCE KARISIK MEYVE NEKTARI 0,25 LT","0,25 LT","METAL","0.8676080611962458"
671,8695077081131,"PERFORMANS 0,25 LT","0,25 LT","METAL","0.5066384662591519"
672,8680181122320,"TORKU NO ON 0,25 LT","0,25 LT","METAL","0.7063639140180907"
673,8690575000882,"TAMEK SEFTALI 0,25 LT","0,25 LT","METAL","0.13189091161913025"
674,8690574002580,"TROPICANA SEFTALI NEKTARI 0,33 LT","0,33 LT","METAL","0.47911647618445796"
675,8699118028574,"SERINOBA GAZOZ 0,25 LT","0,25 LT","GLASS","0.05854330189421608"
676,8697448890076,"NIGDE GAZOZU 0,25 LT","0,25 LT","GLASS","0.28273765270155327"
677,8690520257750,"BOMONTI FILTRESIZ BIRA 0,5 LT","0,5 LT","GLASS","0.8730810887450765"
678,8690574106059,"FRUKO COOL LIME 0,33 LT","0,33 LT","METAL","0.8099570120939402"
679,8690574104550,"PEPSI TWIST 0,25 LT","0,25 LT","METAL","0.09668019838215114"
680,8690574107100,"PEPSI RASPBERRY 0,25 LT","0,25 LT","METAL","0.37487999338208233"
681,8691020010128,"RIVAL YEMEKTEN SONRA 0,25 LT","0,25 LT","METAL","0.35267225989199513"
682,8698980920030,"SARIKIZ DOGAL MINERALLI SU 0,25 LT","0,25 LT","GLASS","0.5733603429835632"
683,8680188130076,"ASSU 0,25 LT","0,25 LT","PLASTIC","0.9270377642151494"
684,8682214705784,"CROWN COLA 1 LT","1 LT","PLASTIC","0.7710325471415501"
685,8693354006235,"DOGANAY LIMONATA 0,3 LT","0,3 LT","PLASTIC","0.1409827389499393"
686,8690723641509,"ULUDAG FRUTTI EXTRA SARI LIMONLU 1 LT","1 LT","PLASTIC","0.6762697148320027"
687,86944083,"ULUDAG LIMONATA SEKERSIZ 0,25 LT","0,25 LT","PLASTIC","0.36032069939254563"
688,8695188000083,"KARDELEN SU 0,33 LT","0,33 LT","PLASTIC","0.07679319647143734"
689,8682815041076,"PURSU ELITE 1,5 LT","1,5 LT ","PLASTIC","0.19784742357598117"
690,8690574104574,"PEPSI TWIST 1 LT","1 LT","PLASTIC","0.41839312600734035"
691,8690574106066,"FRUKO COOL LIME 1 LT","1 LT","PLASTIC","0.8181214263732123"
692,8690723319606,"EFSANE ULUDAG GAZOZU 1,5 LT","1,5 LT","PLASTIC","0.8721648154532505"
693,8692311004574,"YENI KAVAKLIDERE EFOR SALGAM SUYU ACILI 1 LT","1 LT","PLASTIC","0.10485772913549884"
694,8690574820313,"YEDIGUN PORTAKAL MEYVELI GAZOZ 1 LT","1 LT","PLASTIC","0.8575033723928546"
695,8695077131102,"JUCY MEYVELIM VISNELI 1 LT","1 LT","PLASTIC","0.644562512804266"
696,8690574840397,"YEDIGUN PORTAKAL MEYVELI GAZOZ 1,5 LT","1,5 LT","PLASTIC","0.16790649838340044"
697,8698720872087,"SARIYER LIMONATA SEKERSIZ 1 LT","1 LT","PLASTIC","0.3542741337740204"
698,8696236306003,"RIOBA SU 0,33 LT","0,33 LT","PLASTIC","0.44951790327842434"
699,8682974984030,"PIN VITAMINLI SOGUK CAY 0,25 LT","0,25 LT","GLASS","0.6719265668811667"
700,8697520536755,"SAKA MINERAL MADEN SUYU 0,2 LT","0,2 LT","GLASS","0.3426921856773728"
701,8682214701090,"SOGUTLUCESME MADEN SUYU MANDALINA 0,2 LT","0,2 LT","GLASS","0.7129309723442206"
702,8690525055009,"PINAR FRII SEKERSIZ MISKET LIMONLU GAZLI ICECEK 0,25 LT","0,25 LT","GLASS","0.2108078107480117"
703,8690525055016,"PINAR FRII SEKERSIZ MANDALINALI GAZLI ICECEK 0,25 LT","0,25 LT","GLASS","0.8208046654690104"
704,8690525055030,"PINARFRII SEKERSIZ KAVUNLU GAZLI ICECEK 0,25 LT","0,25 LT","GLASS","0.9648941994758746"
705,8695077004444,"DOST AYRAN TAM YAGLI 1,5 LT","1,5 LT","PLASTIC","0.9481385770436166"
706,8681823386025,"BURSA SU 0,5 LT","0,5 LT","PLASTIC","0.5147579787786257"
707,8692813002634,"KIZILAY MADEN SUYU 100CL","1","PLASTIC","0.07929448683080809"
708,8691395700365,"KINIK BURSA GAZOZU 0,2 LT","0,2 LT","GLASS","0.09885879382667362"
